ecosystem,dependency,version,license,source,used_by,license_files,evidence_sha256
Go,github.com/google/go-cmp,v0.6.0,BSD-3-Clause,module:github.com/google/go-cmp@v0.6.0,go.mod,LICENSE,LICENSE=17b5d209ba8f9684257ecfcff87df6ceda6194143a8fbd074f29727cff6f0c40
Go,github.com/ncruces/wasm2go,v0.4.16,MIT,module:github.com/ncruces/wasm2go@v0.4.16,go.mod,LICENSE,LICENSE=13b7919ffbff20b54d133748a783ade8b3ecb1810144194aad70928070f2c0df
Go,github.com/pelletier/go-toml/v2,v2.4.3,MIT,module:github.com/pelletier/go-toml/v2@v2.4.3,go.mod,LICENSE,LICENSE=26844e4b53c5adec04e557fd7dfef281cc0205a7d355626b1c68b778b99e9e7b
Go,github.com/tetratelabs/wazero,v1.12.0,Apache-2.0,module:github.com/tetratelabs/wazero@v1.12.0,go.mod,LICENSE; NOTICE,LICENSE=c46f033d017a5af71a1de0105ec56c41bd47f81a0bbdf779fffe316336dc7c1f; NOTICE=e6f0c5c151a3ff1eba8f5930a31ec084ca6d7adda43c8675ab81f7d36af50b4f
Go,github.com/yuin/goldmark,v1.4.13,MIT,module:github.com/yuin/goldmark@v1.4.13,go.mod,LICENSE,LICENSE=c1d6f653c38c80294dc7994647ba0dcc508ce64a86996303c804efa2f7982bff
Go,golang.org/x/mod,v0.41.0,BSD-3-Clause,module:golang.org/x/mod@v0.41.0,go.mod,LICENSE; PATENTS,LICENSE=911f8f5782931320f5b8d1160a76365b83aea6447ee6c04fa6d5591467db9dad; PATENTS=96f408bfae65bf137fc2525d3ecb030271c50c1e90799f87abf8846d8dd505cc
Go,golang.org/x/net,v0.59.0,BSD-3-Clause,module:golang.org/x/net@v0.59.0,go.mod,LICENSE; PATENTS,LICENSE=911f8f5782931320f5b8d1160a76365b83aea6447ee6c04fa6d5591467db9dad; PATENTS=96f408bfae65bf137fc2525d3ecb030271c50c1e90799f87abf8846d8dd505cc
Go,golang.org/x/sync,v0.23.0,BSD-3-Clause,module:golang.org/x/sync@v0.23.0,go.mod,LICENSE; PATENTS,LICENSE=911f8f5782931320f5b8d1160a76365b83aea6447ee6c04fa6d5591467db9dad; PATENTS=96f408bfae65bf137fc2525d3ecb030271c50c1e90799f87abf8846d8dd505cc
Go,golang.org/x/sys,v0.48.0,BSD-3-Clause,module:golang.org/x/sys@v0.48.0,go.mod,LICENSE; PATENTS,LICENSE=911f8f5782931320f5b8d1160a76365b83aea6447ee6c04fa6d5591467db9dad; PATENTS=96f408bfae65bf137fc2525d3ecb030271c50c1e90799f87abf8846d8dd505cc
Go,golang.org/x/telemetry,v0.0.0-20260908163034-4bcc4b2ee518,BSD-3-Clause,module:golang.org/x/telemetry@v0.0.0-20260908163034-4bcc4b2ee518,go.mod,LICENSE; PATENTS,LICENSE=911f8f5782931320f5b8d1160a76365b83aea6447ee6c04fa6d5591467db9dad; PATENTS=96f408bfae65bf137fc2525d3ecb030271c50c1e90799f87abf8846d8dd505cc
Go,golang.org/x/tools,v0.50.0,BSD-3-Clause,module:golang.org/x/tools@v0.50.0,go.mod,LICENSE; PATENTS; copyright/copyright.go; copyright/copyright_test.go,LICENSE=911f8f5782931320f5b8d1160a76365b83aea6447ee6c04fa6d5591467db9dad; PATENTS=96f408bfae65bf137fc2525d3ecb030271c50c1e90799f87abf8846d8dd505cc; copyright/copyright.go=9160e93ef0a14f58772d8ba5eafa4949ea2a3b43ca3aef0351328910cbecd6c8; copyright/copyright_test.go=4496ed3ad571fb90f8abd650c6973565c834d650cff2d2c57cb970ff462dc4bf
Rust,aho-corasick,1.1.5,Unlicense OR MIT,registry+https://github.com/rust-lang/crates.io-index,examples/datadog/shim/Cargo.toml,COPYING; LICENSE-MIT; UNLICENSE,COPYING=01c266bced4a434da0051174d6bee16a4c82cf634e2679b6155d40d75012390f; LICENSE-MIT=0f96a83840e146e43c0ec96a22ec1f392e0680e6c1226e6f3ba87e0740af850f; UNLICENSE=7e12e5df4bae12cb21581ba157ced20e1986a0508dd10d0e8a4ab9a4cf94e85c
Rust,anyhow,1.0.104,MIT OR Apache-2.0,registry+https://github.com/rust-lang/crates.io-index,examples/datadog/shim/Cargo.toml,LICENSE-APACHE; LICENSE-MIT,LICENSE-APACHE=62c7a1e35f56406896d7aa7ca52d0cc0d272ac022b5d2796e7d6905db8a3636a; LICENSE-MIT=23f18e03dc49df91622fe2a76176497404e46ced8a715d9d2b67a7446571cca3
Rust,arc-swap,1.9.2,MIT OR Apache-2.0,registry+https://github.com/rust-lang/crates.io-index,examples/datadog/shim/Cargo.toml,LICENSE-APACHE; LICENSE-MIT,LICENSE-APACHE=a60eea817514531668d7e00765731449fe14d059d3249e0bc93b36de45f759f2; LICENSE-MIT=ff3f1cd12af8866d9bde961d6cc40df774cd131d484de31d3170c4b02b21a7b5
Rust,autocfg,1.5.1,Apache-2.0 OR MIT,registry+https://github.com/rust-lang/crates.io-index,examples/datadog/shim/Cargo.toml,LICENSE-APACHE; LICENSE-MIT,LICENSE-APACHE=a60eea817514531668d7e00765731449fe14d059d3249e0bc93b36de45f759f2; LICENSE-MIT=27995d58ad5c1145c1a8cd86244ce844886958a35eb2b78c6b772748669999ac
Rust,base64,0.22.1,MIT OR Apache-2.0,registry+https://github.com/rust-lang/crates.io-index,examples/datadog/shim/Cargo.toml,LICENSE-APACHE; LICENSE-MIT,LICENSE-APACHE=a60eea817514531668d7e00765731449fe14d059d3249e0bc93b36de45f759f2; LICENSE-MIT=0dd882e53de11566d50f8e8e2d5a651bcf3fabee4987d70f306233cf39094ba7
Rust,bitflags,2.13.2,MIT OR Apache-2.0,registry+https://github.com/rust-lang/crates.io-index,examples/datadog/shim/Cargo.toml,LICENSE-APACHE; LICENSE-MIT,LICENSE-APACHE=a60eea817514531668d7e00765731449fe14d059d3249e0bc93b36de45f759f2; LICENSE-MIT=6485b8ed310d3f0340bf1ad1f47645069ce4069dcc6bb46c7d5c6faf41de1fdb
Rust,borrow-or-share,0.2.4,MIT-0,registry+https://github.com/rust-lang/crates.io-index,examples/datadog/shim/Cargo.toml,LICENSE,LICENSE=010492e490b92ec85db01daad2a290ea5959f29314a1c4ff25e7a172e223abf9
Rust,bytes,1.12.1,MIT,registry+https://github.com/rust-lang/crates.io-index,examples/datadog/shim/Cargo.toml,LICENSE,LICENSE=45f522cacecb1023856e46df79ca625dfc550c94910078bd8aec6e02880b3d42
Rust,cc,1.6.0,MIT OR Apache-2.0,registry+https://github.com/rust-lang/crates.io-index,examples/datadog/shim/Cargo.toml,LICENSE-APACHE; LICENSE-MIT,LICENSE-APACHE=a60eea817514531668d7e00765731449fe14d059d3249e0bc93b36de45f759f2; LICENSE-MIT=378f5840b258e2779c39418f3f2d7b2ba96f1c7917dd6be0713f88305dbda397
Rust,cfg-if,1.0.5,MIT OR Apache-2.0,registry+https://github.com/rust-lang/crates.io-index,examples/datadog/shim/Cargo.toml,LICENSE-APACHE; LICENSE-MIT,LICENSE-APACHE=a60eea817514531668d7e00765731449fe14d059d3249e0bc93b36de45f759f2; LICENSE-MIT=378f5840b258e2779c39418f3f2d7b2ba96f1c7917dd6be0713f88305dbda397
Rust,cfg_aliases,0.2.2,MIT,registry+https://github.com/rust-lang/crates.io-index,examples/datadog/shim/Cargo.toml,LICENSE,LICENSE=31b94860253d8ec7b4529f51901044d3b459d6292d996504a36b1bae3a36a812
Rust,const_format,0.2.36,Zlib,registry+https://github.com/rust-lang/crates.io-index,examples/datadog/shim/Cargo.toml,LICENSE-ZLIB.md,LICENSE-ZLIB.md=c1e018d60dd011b335b5280b919bd3a75dbba81c6fbe24e2fc90cb235bdb6883
Rust,const_format_proc_macros,0.2.34,Zlib,registry+https://github.com/rust-lang/crates.io-index,examples/datadog/shim/Cargo.toml,LICENSE-ZLIB.md,LICENSE-ZLIB.md=c1e018d60dd011b335b5280b919bd3a75dbba81c6fbe24e2fc90cb235bdb6883
Rust,crossbeam-channel,0.5.17,MIT OR Apache-2.0,registry+https://github.com/rust-lang/crates.io-index,examples/datadog/shim/Cargo.toml,LICENSE-APACHE; LICENSE-MIT; LICENSE-THIRD-PARTY,LICENSE-APACHE=a60eea817514531668d7e00765731449fe14d059d3249e0bc93b36de45f759f2; LICENSE-MIT=5734ed989dfca1f625b40281ee9f4530f91b2411ec01cb748223e7eb87e201ab; LICENSE-THIRD-PARTY=b16db96b93b1d7cf7bea533f572091ec6bca3234fbe0a83038be772ff391a44c
Rust,crossbeam-utils,0.8.23,MIT OR Apache-2.0,registry+https://github.com/rust-lang/crates.io-index,examples/datadog/shim/Cargo.toml,LICENSE-APACHE; LICENSE-MIT,LICENSE-APACHE=a60eea817514531668d7e00765731449fe14d059d3249e0bc93b36de45f759f2; LICENSE-MIT=5734ed989dfca1f625b40281ee9f4530f91b2411ec01cb748223e7eb87e201ab
Rust,either,1.18.0,MIT OR Apache-2.0,registry+https://github.com/rust-lang/crates.io-index,examples/datadog/shim/Cargo.toml,LICENSE-APACHE; LICENSE-MIT,LICENSE-APACHE=a60eea817514531668d7e00765731449fe14d059d3249e0bc93b36de45f759f2; LICENSE-MIT=7576269ea71f767b99297934c0b2367532690f8c4badc695edf8e04ab6a1e545
Rust,equivalent,1.0.2,Apache-2.0 OR MIT,registry+https://github.com/rust-lang/crates.io-index,examples/datadog/shim/Cargo.toml,LICENSE-APACHE; LICENSE-MIT,LICENSE-APACHE=a60eea817514531668d7e00765731449fe14d059d3249e0bc93b36de45f759f2; LICENSE-MIT=7365cc8878a1d7ce155a58c4ca09c3d7a6be413efa5334a80ea842912b669349
Rust,find-msvc-tools,0.1.14,MIT OR Apache-2.0,registry+https://github.com/rust-lang/crates.io-index,examples/datadog/shim/Cargo.toml,LICENSE-APACHE; LICENSE-MIT,LICENSE-APACHE=a60eea817514531668d7e00765731449fe14d059d3249e0bc93b36de45f759f2; LICENSE-MIT=378f5840b258e2779c39418f3f2d7b2ba96f1c7917dd6be0713f88305dbda397
Rust,fluent-uri,0.4.1,MIT,registry+https://github.com/rust-lang/crates.io-index,examples/datadog/shim/Cargo.toml,LICENSE,LICENSE=9fa38f610a00115dd1f612bdd3559e3b381ea579538b6ff25a5899da250a5fce
Rust,futures,0.3.34,MIT OR Apache-2.0,registry+https://github.com/rust-lang/crates.io-index,examples/datadog/shim/Cargo.toml,LICENSE-APACHE; LICENSE-MIT,LICENSE-APACHE=275c491d6d1160553c32fd6127061d7f9606c3ea25abfad6ca3f6ed088785427; LICENSE-MIT=6652c868f35dfe5e8ef636810a4e576b9d663f3a17fb0f5613ad73583e1b88fd
Rust,futures-channel,0.3.34,MIT OR Apache-2.0,registry+https://github.com/rust-lang/crates.io-index,examples/datadog/shim/Cargo.toml,LICENSE-APACHE; LICENSE-MIT,LICENSE-APACHE=275c491d6d1160553c32fd6127061d7f9606c3ea25abfad6ca3f6ed088785427; LICENSE-MIT=6652c868f35dfe5e8ef636810a4e576b9d663f3a17fb0f5613ad73583e1b88fd
Rust,futures-core,0.3.34,MIT OR Apache-2.0,registry+https://github.com/rust-lang/crates.io-index,examples/datadog/shim/Cargo.toml,LICENSE-APACHE; LICENSE-MIT,LICENSE-APACHE=275c491d6d1160553c32fd6127061d7f9606c3ea25abfad6ca3f6ed088785427; LICENSE-MIT=6652c868f35dfe5e8ef636810a4e576b9d663f3a17fb0f5613ad73583e1b88fd
Rust,futures-executor,0.3.34,MIT OR Apache-2.0,registry+https://github.com/rust-lang/crates.io-index,examples/datadog/shim/Cargo.toml,LICENSE-APACHE; LICENSE-MIT,LICENSE-APACHE=275c491d6d1160553c32fd6127061d7f9606c3ea25abfad6ca3f6ed088785427; LICENSE-MIT=6652c868f35dfe5e8ef636810a4e576b9d663f3a17fb0f5613ad73583e1b88fd
Rust,futures-io,0.3.34,MIT OR Apache-2.0,registry+https://github.com/rust-lang/crates.io-index,examples/datadog/shim/Cargo.toml,LICENSE-APACHE; LICENSE-MIT,LICENSE-APACHE=275c491d6d1160553c32fd6127061d7f9606c3ea25abfad6ca3f6ed088785427; LICENSE-MIT=6652c868f35dfe5e8ef636810a4e576b9d663f3a17fb0f5613ad73583e1b88fd
Rust,futures-sink,0.3.34,MIT OR Apache-2.0,registry+https://github.com/rust-lang/crates.io-index,examples/datadog/shim/Cargo.toml,LICENSE-APACHE; LICENSE-MIT,LICENSE-APACHE=275c491d6d1160553c32fd6127061d7f9606c3ea25abfad6ca3f6ed088785427; LICENSE-MIT=6652c868f35dfe5e8ef636810a4e576b9d663f3a17fb0f5613ad73583e1b88fd
Rust,futures-task,0.3.34,MIT OR Apache-2.0,registry+https://github.com/rust-lang/crates.io-index,examples/datadog/shim/Cargo.toml,LICENSE-APACHE; LICENSE-MIT,LICENSE-APACHE=275c491d6d1160553c32fd6127061d7f9606c3ea25abfad6ca3f6ed088785427; LICENSE-MIT=6652c868f35dfe5e8ef636810a4e576b9d663f3a17fb0f5613ad73583e1b88fd
Rust,futures-util,0.3.34,MIT OR Apache-2.0,registry+https://github.com/rust-lang/crates.io-index,examples/datadog/shim/Cargo.toml,LICENSE-APACHE; LICENSE-MIT,LICENSE-APACHE=275c491d6d1160553c32fd6127061d7f9606c3ea25abfad6ca3f6ed088785427; LICENSE-MIT=6652c868f35dfe5e8ef636810a4e576b9d663f3a17fb0f5613ad73583e1b88fd
Rust,hashbrown,0.17.1,MIT OR Apache-2.0,registry+https://github.com/rust-lang/crates.io-index,examples/datadog/shim/Cargo.toml,LICENSE-APACHE; LICENSE-MIT,LICENSE-APACHE=a60eea817514531668d7e00765731449fe14d059d3249e0bc93b36de45f759f2; LICENSE-MIT=ff8f68cb076caf8cefe7a6430d4ac086ce6af2ca8ce2c4e5a2004d4552ef52a2
Rust,hex,0.4.3,MIT OR Apache-2.0,registry+https://github.com/rust-lang/crates.io-index,examples/datadog/shim/Cargo.toml,LICENSE-APACHE; LICENSE-MIT,LICENSE-APACHE=c6596eb7be8581c18be736c846fb9173b69eccf6ef94c5135893ec56bd92ba08; LICENSE-MIT=f7bdb3426d045cd50efd4953026e3eb5a83d0199f458a075602611b9344da5b9
Rust,http,1.5.0,MIT OR Apache-2.0,registry+https://github.com/rust-lang/crates.io-index,examples/datadog/shim/Cargo.toml,LICENSE-APACHE; LICENSE-MIT,LICENSE-APACHE=8bb1b50b0e5c9399ae33bd35fab2769010fa6c14e8860c729a52295d84896b7a; LICENSE-MIT=dc91f8200e4b2a1f9261035d4c18c33c246911a6c0f7b543d75347e61b249cff
Rust,http-body,1.1.0,MIT,registry+https://github.com/rust-lang/crates.io-index,examples/datadog/shim/Cargo.toml,LICENSE,LICENSE=248378d0a3383c173fb925f17141b88e71580b3ba17ddc6ac3d2a344683232ab
Rust,http-body-util,0.1.5,MIT,registry+https://github.com/rust-lang/crates.io-index,examples/datadog/shim/Cargo.toml,LICENSE,LICENSE=248378d0a3383c173fb925f17141b88e71580b3ba17ddc6ac3d2a344683232ab
Rust,indexmap,2.14.2,Apache-2.0 OR MIT,registry+https://github.com/rust-lang/crates.io-index,examples/datadog/shim/Cargo.toml,LICENSE-APACHE; LICENSE-MIT,LICENSE-APACHE=a60eea817514531668d7e00765731449fe14d059d3249e0bc93b36de45f759f2; LICENSE-MIT=ecc269ef87fd38a1d98e30bfac9ba964a9dbd9315c3770fed98d4d7cb5882055
Rust,itertools,0.14.0,MIT OR Apache-2.0,registry+https://github.com/rust-lang/crates.io-index,examples/datadog/shim/Cargo.toml,LICENSE-APACHE; LICENSE-MIT,LICENSE-APACHE=a60eea817514531668d7e00765731449fe14d059d3249e0bc93b36de45f759f2; LICENSE-MIT=7576269ea71f767b99297934c0b2367532690f8c4badc695edf8e04ab6a1e545
Rust,itoa,1.0.18,MIT OR Apache-2.0,registry+https://github.com/rust-lang/crates.io-index,examples/datadog/shim/Cargo.toml,LICENSE-APACHE; LICENSE-MIT,LICENSE-APACHE=62c7a1e35f56406896d7aa7ca52d0cc0d272ac022b5d2796e7d6905db8a3636a; LICENSE-MIT=23f18e03dc49df91622fe2a76176497404e46ced8a715d9d2b67a7446571cca3
Rust,konst,0.2.20,Zlib,registry+https://github.com/rust-lang/crates.io-index,examples/datadog/shim/Cargo.toml,LICENSE-ZLIB.md,LICENSE-ZLIB.md=573e362dc50a6d9eb444cea38ef61587e16a0645cb8098ba13a2c42fdde72acd
Rust,konst_macro_rules,0.2.19,Zlib,registry+https://github.com/rust-lang/crates.io-index,examples/datadog/shim/Cargo.toml,LICENSE-ZLIB.md,LICENSE-ZLIB.md=573e362dc50a6d9eb444cea38ef61587e16a0645cb8098ba13a2c42fdde72acd
Rust,libc,0.2.190,MIT OR Apache-2.0,registry+https://github.com/rust-lang/crates.io-index,examples/datadog/shim/Cargo.toml,LICENSE-APACHE; LICENSE-MIT,LICENSE-APACHE=62c7a1e35f56406896d7aa7ca52d0cc0d272ac022b5d2796e7d6905db8a3636a; LICENSE-MIT=123a331b5dbf04c30097fa43b8f858bc85df671fe776de498d01f3d6b7c1f69e
Rust,libdd-capabilities,4.0.1,Apache-2.0,path:../libdatadog/libdd-capabilities,examples/datadog/shim/Cargo.toml,../LICENSE; ../NOTICE; ../license-tool.toml,../LICENSE=cfc7749b96f63bd31c3c42b5c471bf756814053e847c10f3eb003417bc523d30; ../NOTICE=7d9f8ecf7ba0cb7e30d053e57125bd537277f5d5351ad6b48f6dff53cb205968; ../license-tool.toml=c691d6b51fcf335d6488cec3e73e7ce6843467b10215744fdc6345455cd1c08e
Rust,libdd-common,8.0.0,Apache-2.0,path:../libdatadog/libdd-common,examples/datadog/shim/Cargo.toml,../LICENSE; ../NOTICE; ../license-tool.toml; NOTICE,../LICENSE=cfc7749b96f63bd31c3c42b5c471bf756814053e847c10f3eb003417bc523d30; ../NOTICE=7d9f8ecf7ba0cb7e30d053e57125bd537277f5d5351ad6b48f6dff53cb205968; ../license-tool.toml=c691d6b51fcf335d6488cec3e73e7ce6843467b10215744fdc6345455cd1c08e; NOTICE=7d9f8ecf7ba0cb7e30d053e57125bd537277f5d5351ad6b48f6dff53cb205968
Rust,libdd-ddsketch,1.1.3,Apache-2.0,path:../libdatadog/libdd-ddsketch,examples/datadog/shim/Cargo.toml,../LICENSE; ../NOTICE; ../license-tool.toml,../LICENSE=cfc7749b96f63bd31c3c42b5c471bf756814053e847c10f3eb003417bc523d30; ../NOTICE=7d9f8ecf7ba0cb7e30d053e57125bd537277f5d5351ad6b48f6dff53cb205968; ../license-tool.toml=c691d6b51fcf335d6488cec3e73e7ce6843467b10215744fdc6345455cd1c08e
Rust,libdd-tinybytes,1.1.5,Apache-2.0,path:../libdatadog/libdd-tinybytes,examples/datadog/shim/Cargo.toml,../LICENSE; ../NOTICE; ../license-tool.toml,../LICENSE=cfc7749b96f63bd31c3c42b5c471bf756814053e847c10f3eb003417bc523d30; ../NOTICE=7d9f8ecf7ba0cb7e30d053e57125bd537277f5d5351ad6b48f6dff53cb205968; ../license-tool.toml=c691d6b51fcf335d6488cec3e73e7ce6843467b10215744fdc6345455cd1c08e
Rust,libdd-trace-normalization,4.2.0,Apache-2.0,path:../libdatadog/libdd-trace-normalization,examples/datadog/shim/Cargo.toml,../LICENSE; ../NOTICE; ../license-tool.toml,../LICENSE=cfc7749b96f63bd31c3c42b5c471bf756814053e847c10f3eb003417bc523d30; ../NOTICE=7d9f8ecf7ba0cb7e30d053e57125bd537277f5d5351ad6b48f6dff53cb205968; ../license-tool.toml=c691d6b51fcf335d6488cec3e73e7ce6843467b10215744fdc6345455cd1c08e
Rust,libdd-trace-obfuscation,10.0.0,Apache-2.0,path:../libdatadog/libdd-trace-obfuscation,examples/datadog/shim/Cargo.toml,../LICENSE; ../NOTICE; ../license-tool.toml,../LICENSE=cfc7749b96f63bd31c3c42b5c471bf756814053e847c10f3eb003417bc523d30; ../NOTICE=7d9f8ecf7ba0cb7e30d053e57125bd537277f5d5351ad6b48f6dff53cb205968; ../license-tool.toml=c691d6b51fcf335d6488cec3e73e7ce6843467b10215744fdc6345455cd1c08e
Rust,libdd-trace-protobuf,5.1.0,Apache-2.0,path:../libdatadog/libdd-trace-protobuf,examples/datadog/shim/Cargo.toml,../LICENSE; ../NOTICE; ../license-tool.toml,../LICENSE=cfc7749b96f63bd31c3c42b5c471bf756814053e847c10f3eb003417bc523d30; ../NOTICE=7d9f8ecf7ba0cb7e30d053e57125bd537277f5d5351ad6b48f6dff53cb205968; ../license-tool.toml=c691d6b51fcf335d6488cec3e73e7ce6843467b10215744fdc6345455cd1c08e
Rust,libdd-trace-utils,14.0.0,Apache-2.0,path:../libdatadog/libdd-trace-utils,examples/datadog/shim/Cargo.toml,../LICENSE; ../NOTICE; ../license-tool.toml,../LICENSE=cfc7749b96f63bd31c3c42b5c471bf756814053e847c10f3eb003417bc523d30; ../NOTICE=7d9f8ecf7ba0cb7e30d053e57125bd537277f5d5351ad6b48f6dff53cb205968; ../license-tool.toml=c691d6b51fcf335d6488cec3e73e7ce6843467b10215744fdc6345455cd1c08e
Rust,log,0.4.34,MIT OR Apache-2.0,registry+https://github.com/rust-lang/crates.io-index,examples/datadog/shim/Cargo.toml,LICENSE-APACHE; LICENSE-MIT,LICENSE-APACHE=a60eea817514531668d7e00765731449fe14d059d3249e0bc93b36de45f759f2; LICENSE-MIT=6485b8ed310d3f0340bf1ad1f47645069ce4069dcc6bb46c7d5c6faf41de1fdb
Rust,memchr,2.8.3,Unlicense OR MIT,registry+https://github.com/rust-lang/crates.io-index,examples/datadog/shim/Cargo.toml,COPYING; LICENSE-MIT; UNLICENSE,COPYING=01c266bced4a434da0051174d6bee16a4c82cf634e2679b6155d40d75012390f; LICENSE-MIT=0f96a83840e146e43c0ec96a22ec1f392e0680e6c1226e6f3ba87e0740af850f; UNLICENSE=7e12e5df4bae12cb21581ba157ced20e1986a0508dd10d0e8a4ab9a4cf94e85c
Rust,nix,0.29.0,MIT,registry+https://github.com/rust-lang/crates.io-index,examples/datadog/shim/Cargo.toml,LICENSE,LICENSE=66e3ee1fa7f909ad3c612d556f2a0cdabcd809ad6e66f3b0605015ac64841b70
Rust,num-traits,0.2.19,MIT OR Apache-2.0,registry+https://github.com/rust-lang/crates.io-index,examples/datadog/shim/Cargo.toml,LICENSE-APACHE; LICENSE-MIT,LICENSE-APACHE=a60eea817514531668d7e00765731449fe14d059d3249e0bc93b36de45f759f2; LICENSE-MIT=6485b8ed310d3f0340bf1ad1f47645069ce4069dcc6bb46c7d5c6faf41de1fdb
Rust,percent-encoding,2.3.2,MIT OR Apache-2.0,registry+https://github.com/rust-lang/crates.io-index,examples/datadog/shim/Cargo.toml,LICENSE-APACHE; LICENSE-MIT,LICENSE-APACHE=a60eea817514531668d7e00765731449fe14d059d3249e0bc93b36de45f759f2; LICENSE-MIT=b38f11f6096706e6de553dabe2a7ed142d59b6fa8c97e290c67496154745cdd5
Rust,pin-project,1.1.13,Apache-2.0 OR MIT,registry+https://github.com/rust-lang/crates.io-index,examples/datadog/shim/Cargo.toml,LICENSE-APACHE; LICENSE-MIT,LICENSE-APACHE=0d542e0c8804e39aa7f37eb00da5a762149dc682d7829451287e11b938e94594; LICENSE-MIT=23f18e03dc49df91622fe2a76176497404e46ced8a715d9d2b67a7446571cca3
Rust,pin-project-internal,1.1.13,Apache-2.0 OR MIT,registry+https://github.com/rust-lang/crates.io-index,examples/datadog/shim/Cargo.toml,LICENSE-APACHE; LICENSE-MIT,LICENSE-APACHE=0d542e0c8804e39aa7f37eb00da5a762149dc682d7829451287e11b938e94594; LICENSE-MIT=23f18e03dc49df91622fe2a76176497404e46ced8a715d9d2b67a7446571cca3
Rust,pin-project-lite,0.2.17,Apache-2.0 OR MIT,registry+https://github.com/rust-lang/crates.io-index,examples/datadog/shim/Cargo.toml,LICENSE-APACHE; LICENSE-MIT,LICENSE-APACHE=0d542e0c8804e39aa7f37eb00da5a762149dc682d7829451287e11b938e94594; LICENSE-MIT=23f18e03dc49df91622fe2a76176497404e46ced8a715d9d2b67a7446571cca3
Rust,ppv-lite86,0.2.21,MIT OR Apache-2.0,registry+https://github.com/rust-lang/crates.io-index,examples/datadog/shim/Cargo.toml,LICENSE-APACHE; LICENSE-MIT,LICENSE-APACHE=0218327e7a480793ffdd4eb792379a9709e5c135c7ba267f709d6f6d4d70af0a; LICENSE-MIT=4cada0bd02ea3692eee6f16400d86c6508bbd3bafb2b65fed0419f36d4f83e8f
Rust,proc-macro2,1.0.107,MIT OR Apache-2.0,registry+https://github.com/rust-lang/crates.io-index,examples/datadog/shim/Cargo.toml,LICENSE-APACHE; LICENSE-MIT,LICENSE-APACHE=62c7a1e35f56406896d7aa7ca52d0cc0d272ac022b5d2796e7d6905db8a3636a; LICENSE-MIT=23f18e03dc49df91622fe2a76176497404e46ced8a715d9d2b67a7446571cca3
Rust,prost,0.14.4,Apache-2.0,registry+https://github.com/rust-lang/crates.io-index,examples/datadog/shim/Cargo.toml,LICENSE,LICENSE=a60eea817514531668d7e00765731449fe14d059d3249e0bc93b36de45f759f2
Rust,prost-derive,0.14.4,Apache-2.0,registry+https://github.com/rust-lang/crates.io-index,examples/datadog/shim/Cargo.toml,LICENSE,LICENSE=a60eea817514531668d7e00765731449fe14d059d3249e0bc93b36de45f759f2
Rust,quote,1.0.47,MIT OR Apache-2.0,registry+https://github.com/rust-lang/crates.io-index,examples/datadog/shim/Cargo.toml,LICENSE-APACHE; LICENSE-MIT,LICENSE-APACHE=62c7a1e35f56406896d7aa7ca52d0cc0d272ac022b5d2796e7d6905db8a3636a; LICENSE-MIT=23f18e03dc49df91622fe2a76176497404e46ced8a715d9d2b67a7446571cca3
Rust,rand,0.8.8,MIT OR Apache-2.0,registry+https://github.com/rust-lang/crates.io-index,examples/datadog/shim/Cargo.toml,COPYRIGHT; LICENSE-APACHE; LICENSE-MIT,COPYRIGHT=90eb64f0279b0d9432accfa6023ff803bc4965212383697eee27a0f426d5f8d5; LICENSE-APACHE=35242e7a83f69875e6edeff02291e688c97caafe2f8902e4e19b49d3e78b4cab; LICENSE-MIT=209fbbe0ad52d9235e37badf9cadfe4dbdc87203179c0899e738b39ade42177b
Rust,rand_chacha,0.3.1,MIT OR Apache-2.0,registry+https://github.com/rust-lang/crates.io-index,examples/datadog/shim/Cargo.toml,COPYRIGHT; LICENSE-APACHE; LICENSE-MIT,COPYRIGHT=90eb64f0279b0d9432accfa6023ff803bc4965212383697eee27a0f426d5f8d5; LICENSE-APACHE=aaff376532ea30a0cd5330b9502ad4a4c8bf769c539c87ffe78819d188a18ebf; LICENSE-MIT=209fbbe0ad52d9235e37badf9cadfe4dbdc87203179c0899e738b39ade42177b
Rust,rand_core,0.6.4,MIT OR Apache-2.0,registry+https://github.com/rust-lang/crates.io-index,examples/datadog/shim/Cargo.toml,COPYRIGHT; LICENSE-APACHE; LICENSE-MIT,COPYRIGHT=90eb64f0279b0d9432accfa6023ff803bc4965212383697eee27a0f426d5f8d5; LICENSE-APACHE=6df43f6f4b5d4587f3d8d71e45532c688fd168afa5fe89d571cb32fa09c4ef51; LICENSE-MIT=209fbbe0ad52d9235e37badf9cadfe4dbdc87203179c0899e738b39ade42177b
Rust,ref-cast,1.0.27,MIT OR Apache-2.0,registry+https://github.com/rust-lang/crates.io-index,examples/datadog/shim/Cargo.toml,LICENSE-APACHE; LICENSE-MIT,LICENSE-APACHE=62c7a1e35f56406896d7aa7ca52d0cc0d272ac022b5d2796e7d6905db8a3636a; LICENSE-MIT=23f18e03dc49df91622fe2a76176497404e46ced8a715d9d2b67a7446571cca3
Rust,ref-cast-impl,1.0.27,MIT OR Apache-2.0,registry+https://github.com/rust-lang/crates.io-index,examples/datadog/shim/Cargo.toml,LICENSE-APACHE; LICENSE-MIT,LICENSE-APACHE=62c7a1e35f56406896d7aa7ca52d0cc0d272ac022b5d2796e7d6905db8a3636a; LICENSE-MIT=23f18e03dc49df91622fe2a76176497404e46ced8a715d9d2b67a7446571cca3
Rust,regex,1.13.1,MIT OR Apache-2.0,registry+https://github.com/rust-lang/crates.io-index,examples/datadog/shim/Cargo.toml,LICENSE-APACHE; LICENSE-MIT,LICENSE-APACHE=a60eea817514531668d7e00765731449fe14d059d3249e0bc93b36de45f759f2; LICENSE-MIT=6485b8ed310d3f0340bf1ad1f47645069ce4069dcc6bb46c7d5c6faf41de1fdb
Rust,regex-automata,0.4.18,MIT OR Apache-2.0,registry+https://github.com/rust-lang/crates.io-index,examples/datadog/shim/Cargo.toml,LICENSE-APACHE; LICENSE-MIT,LICENSE-APACHE=a60eea817514531668d7e00765731449fe14d059d3249e0bc93b36de45f759f2; LICENSE-MIT=6485b8ed310d3f0340bf1ad1f47645069ce4069dcc6bb46c7d5c6faf41de1fdb
Rust,regex-syntax,0.8.11,MIT OR Apache-2.0,registry+https://github.com/rust-lang/crates.io-index,examples/datadog/shim/Cargo.toml,LICENSE-APACHE; LICENSE-MIT; src/unicode_tables/LICENSE-UNICODE,LICENSE-APACHE=a60eea817514531668d7e00765731449fe14d059d3249e0bc93b36de45f759f2; LICENSE-MIT=6485b8ed310d3f0340bf1ad1f47645069ce4069dcc6bb46c7d5c6faf41de1fdb; src/unicode_tables/LICENSE-UNICODE=74db5baf44a41b1000312c673544b3374e4198af5605c7f9080a402cec42cfa3
Rust,rmp,0.8.15,MIT,registry+https://github.com/rust-lang/crates.io-index,examples/datadog/shim/Cargo.toml,LICENSE,LICENSE=979d35e1d157289100ba2a7eb13fffe4e7a1b93506c755c4c66890918e467c4e
Rust,rmp-serde,1.3.1,MIT,registry+https://github.com/rust-lang/crates.io-index,examples/datadog/shim/Cargo.toml,LICENSE,LICENSE=979d35e1d157289100ba2a7eb13fffe4e7a1b93506c755c4c66890918e467c4e
Rust,rmpv,1.3.1,MIT,registry+https://github.com/rust-lang/crates.io-index,examples/datadog/shim/Cargo.toml,LICENSE,LICENSE=979d35e1d157289100ba2a7eb13fffe4e7a1b93506c755c4c66890918e467c4e
Rust,rustc-hash,2.1.3,Apache-2.0 OR MIT,registry+https://github.com/rust-lang/crates.io-index,examples/datadog/shim/Cargo.toml,LICENSE-APACHE; LICENSE-MIT,LICENSE-APACHE=95bd3988beee069fa2848f648dab43cc6e0b2add2ad6bcb17360caf749802bcc; LICENSE-MIT=30fefc3a7d6a0041541858293bcbea2dde4caa4c0a5802f996a7f7e8c0085652
Rust,rustversion,1.0.23,MIT OR Apache-2.0,registry+https://github.com/rust-lang/crates.io-index,examples/datadog/shim/Cargo.toml,LICENSE-APACHE; LICENSE-MIT,LICENSE-APACHE=62c7a1e35f56406896d7aa7ca52d0cc0d272ac022b5d2796e7d6905db8a3636a; LICENSE-MIT=23f18e03dc49df91622fe2a76176497404e46ced8a715d9d2b67a7446571cca3
Rust,serde,1.0.229,MIT OR Apache-2.0,registry+https://github.com/rust-lang/crates.io-index,examples/datadog/shim/Cargo.toml,LICENSE-APACHE; LICENSE-MIT,LICENSE-APACHE=62c7a1e35f56406896d7aa7ca52d0cc0d272ac022b5d2796e7d6905db8a3636a; LICENSE-MIT=23f18e03dc49df91622fe2a76176497404e46ced8a715d9d2b67a7446571cca3
Rust,serde-transcode,1.1.1,MIT OR Apache-2.0,registry+https://github.com/rust-lang/crates.io-index,examples/datadog/shim/Cargo.toml,LICENSE-APACHE; LICENSE-MIT,LICENSE-APACHE=c6596eb7be8581c18be736c846fb9173b69eccf6ef94c5135893ec56bd92ba08; LICENSE-MIT=93e6bb3f4225a1dfbc008f562d41bfac0f490f6da22c62b0a645e2c0377e8b06
Rust,serde_bytes,0.11.19,MIT OR Apache-2.0,registry+https://github.com/rust-lang/crates.io-index,examples/datadog/shim/Cargo.toml,LICENSE-APACHE; LICENSE-MIT,LICENSE-APACHE=62c7a1e35f56406896d7aa7ca52d0cc0d272ac022b5d2796e7d6905db8a3636a; LICENSE-MIT=23f18e03dc49df91622fe2a76176497404e46ced8a715d9d2b67a7446571cca3
Rust,serde_core,1.0.229,MIT OR Apache-2.0,registry+https://github.com/rust-lang/crates.io-index,examples/datadog/shim/Cargo.toml,LICENSE-APACHE; LICENSE-MIT,LICENSE-APACHE=62c7a1e35f56406896d7aa7ca52d0cc0d272ac022b5d2796e7d6905db8a3636a; LICENSE-MIT=23f18e03dc49df91622fe2a76176497404e46ced8a715d9d2b67a7446571cca3
Rust,serde_derive,1.0.229,MIT OR Apache-2.0,registry+https://github.com/rust-lang/crates.io-index,examples/datadog/shim/Cargo.toml,LICENSE-APACHE; LICENSE-MIT,LICENSE-APACHE=62c7a1e35f56406896d7aa7ca52d0cc0d272ac022b5d2796e7d6905db8a3636a; LICENSE-MIT=23f18e03dc49df91622fe2a76176497404e46ced8a715d9d2b67a7446571cca3
Rust,serde_json,1.0.151,MIT OR Apache-2.0,registry+https://github.com/rust-lang/crates.io-index,examples/datadog/shim/Cargo.toml,LICENSE-APACHE; LICENSE-MIT,LICENSE-APACHE=62c7a1e35f56406896d7aa7ca52d0cc0d272ac022b5d2796e7d6905db8a3636a; LICENSE-MIT=23f18e03dc49df91622fe2a76176497404e46ced8a715d9d2b67a7446571cca3
Rust,shlex,2.0.1,MIT OR Apache-2.0,registry+https://github.com/rust-lang/crates.io-index,examples/datadog/shim/Cargo.toml,LICENSE-APACHE; LICENSE-MIT,LICENSE-APACHE=553fffcd9b1cb158bc3e9edc35da85ca5c3b3d7d2e61c883ebcfa8a65814b583; LICENSE-MIT=4455bf75a91154108304cb283e0fea9948c14f13e20d60887cf2552449dea3b1
Rust,slab,0.4.12,MIT,registry+https://github.com/rust-lang/crates.io-index,examples/datadog/shim/Cargo.toml,LICENSE,LICENSE=8ce0830173fdac609dfb4ea603fdc002c2f4af0dc9b1a005653f5da9cf534b18
Rust,static_assertions,1.1.0,MIT OR Apache-2.0,registry+https://github.com/rust-lang/crates.io-index,examples/datadog/shim/Cargo.toml,LICENSE-APACHE; LICENSE-MIT,LICENSE-APACHE=cfc7749b96f63bd31c3c42b5c471bf756814053e847c10f3eb003417bc523d30; LICENSE-MIT=ea084a2373ebc1f0902c09266e7bf25a05ab3814c1805bb017ffa7308f90c061
Rust,syn,2.0.119,MIT OR Apache-2.0,registry+https://github.com/rust-lang/crates.io-index,examples/datadog/shim/Cargo.toml,LICENSE-APACHE; LICENSE-MIT,LICENSE-APACHE=62c7a1e35f56406896d7aa7ca52d0cc0d272ac022b5d2796e7d6905db8a3636a; LICENSE-MIT=23f18e03dc49df91622fe2a76176497404e46ced8a715d9d2b67a7446571cca3
Rust,syn,3.0.6,MIT OR Apache-2.0,registry+https://github.com/rust-lang/crates.io-index,examples/datadog/shim/Cargo.toml,LICENSE-APACHE; LICENSE-MIT,LICENSE-APACHE=62c7a1e35f56406896d7aa7ca52d0cc0d272ac022b5d2796e7d6905db8a3636a; LICENSE-MIT=23f18e03dc49df91622fe2a76176497404e46ced8a715d9d2b67a7446571cca3
Rust,thin-vec,0.2.20,MIT OR Apache-2.0,registry+https://github.com/rust-lang/crates.io-index,examples/datadog/shim/Cargo.toml,LICENSE-APACHE; LICENSE-MIT,LICENSE-APACHE=62c7a1e35f56406896d7aa7ca52d0cc0d272ac022b5d2796e7d6905db8a3636a; LICENSE-MIT=23f18e03dc49df91622fe2a76176497404e46ced8a715d9d2b67a7446571cca3
Rust,thiserror,2.0.21,MIT OR Apache-2.0,registry+https://github.com/rust-lang/crates.io-index,examples/datadog/shim/Cargo.toml,LICENSE-APACHE; LICENSE-MIT,LICENSE-APACHE=62c7a1e35f56406896d7aa7ca52d0cc0d272ac022b5d2796e7d6905db8a3636a; LICENSE-MIT=23f18e03dc49df91622fe2a76176497404e46ced8a715d9d2b67a7446571cca3
Rust,thiserror-impl,2.0.21,MIT OR Apache-2.0,registry+https://github.com/rust-lang/crates.io-index,examples/datadog/shim/Cargo.toml,LICENSE-APACHE; LICENSE-MIT,LICENSE-APACHE=62c7a1e35f56406896d7aa7ca52d0cc0d272ac022b5d2796e7d6905db8a3636a; LICENSE-MIT=23f18e03dc49df91622fe2a76176497404e46ced8a715d9d2b67a7446571cca3
Rust,thread_local,1.1.10,MIT OR Apache-2.0,registry+https://github.com/rust-lang/crates.io-index,examples/datadog/shim/Cargo.toml,LICENSE-APACHE; LICENSE-MIT,LICENSE-APACHE=a60eea817514531668d7e00765731449fe14d059d3249e0bc93b36de45f759f2; LICENSE-MIT=c9a75f18b9ab2927829a208fc6aa2cf4e63b8420887ba29cdb265d6619ae82d5
Rust,tracing,0.1.44,MIT,registry+https://github.com/rust-lang/crates.io-index,examples/datadog/shim/Cargo.toml,LICENSE,LICENSE=898b1ae9821e98daf8964c8d6c7f61641f5f5aa78ad500020771c0939ee0dea1
Rust,tracing-core,0.1.36,MIT,registry+https://github.com/rust-lang/crates.io-index,examples/datadog/shim/Cargo.toml,LICENSE; src/spin/LICENSE,LICENSE=898b1ae9821e98daf8964c8d6c7f61641f5f5aa78ad500020771c0939ee0dea1; src/spin/LICENSE=58545fed1565e42d687aecec6897d35c6d37ccb71479a137c0deb2203e125c79
Rust,unicode-ident,1.0.26,(MIT OR Apache-2.0) AND Unicode-3.0,registry+https://github.com/rust-lang/crates.io-index,examples/datadog/shim/Cargo.toml,LICENSE-APACHE; LICENSE-MIT; LICENSE-UNICODE,LICENSE-APACHE=62c7a1e35f56406896d7aa7ca52d0cc0d272ac022b5d2796e7d6905db8a3636a; LICENSE-MIT=23f18e03dc49df91622fe2a76176497404e46ced8a715d9d2b67a7446571cca3; LICENSE-UNICODE=f7db81051789b729fea528a63ec4c938fdcb93d9d61d97dc8cc2e9df6d47f2a1
Rust,unicode-xid,0.2.6,MIT OR Apache-2.0,registry+https://github.com/rust-lang/crates.io-index,examples/datadog/shim/Cargo.toml,COPYRIGHT; LICENSE-APACHE; LICENSE-MIT,COPYRIGHT=23860c2a7b5d96b21569afedf033469bab9fe14a1b24a35068b8641c578ce24d; LICENSE-APACHE=a60eea817514531668d7e00765731449fe14d059d3249e0bc93b36de45f759f2; LICENSE-MIT=7b63ecd5f1902af1b63729947373683c32745c16a10e8e6292e2e2dcd7e90ae0
Rust,windows-sys,0.52.0,MIT OR Apache-2.0,registry+https://github.com/rust-lang/crates.io-index,examples/datadog/shim/Cargo.toml,license-apache-2.0; license-mit,license-apache-2.0=c16f8dcf1a368b83be78d826ea23de4079fe1b4469a0ab9ee20563f37ff3d44b; license-mit=c2cfccb812fe482101a8f04597dfc5a9991a6b2748266c47ac91b6a5aae15383
Rust,windows-targets,0.52.6,MIT OR Apache-2.0,registry+https://github.com/rust-lang/crates.io-index,examples/datadog/shim/Cargo.toml,license-apache-2.0; license-mit,license-apache-2.0=c16f8dcf1a368b83be78d826ea23de4079fe1b4469a0ab9ee20563f37ff3d44b; license-mit=c2cfccb812fe482101a8f04597dfc5a9991a6b2748266c47ac91b6a5aae15383
Rust,windows_aarch64_gnullvm,0.52.6,MIT OR Apache-2.0,registry+https://github.com/rust-lang/crates.io-index,examples/datadog/shim/Cargo.toml,license-apache-2.0; license-mit,license-apache-2.0=c16f8dcf1a368b83be78d826ea23de4079fe1b4469a0ab9ee20563f37ff3d44b; license-mit=c2cfccb812fe482101a8f04597dfc5a9991a6b2748266c47ac91b6a5aae15383
Rust,windows_aarch64_msvc,0.52.6,MIT OR Apache-2.0,registry+https://github.com/rust-lang/crates.io-index,examples/datadog/shim/Cargo.toml,license-apache-2.0; license-mit,license-apache-2.0=c16f8dcf1a368b83be78d826ea23de4079fe1b4469a0ab9ee20563f37ff3d44b; license-mit=c2cfccb812fe482101a8f04597dfc5a9991a6b2748266c47ac91b6a5aae15383
Rust,windows_i686_gnu,0.52.6,MIT OR Apache-2.0,registry+https://github.com/rust-lang/crates.io-index,examples/datadog/shim/Cargo.toml,license-apache-2.0; license-mit,license-apache-2.0=c16f8dcf1a368b83be78d826ea23de4079fe1b4469a0ab9ee20563f37ff3d44b; license-mit=c2cfccb812fe482101a8f04597dfc5a9991a6b2748266c47ac91b6a5aae15383
Rust,windows_i686_gnullvm,0.52.6,MIT OR Apache-2.0,registry+https://github.com/rust-lang/crates.io-index,examples/datadog/shim/Cargo.toml,license-apache-2.0; license-mit,license-apache-2.0=c16f8dcf1a368b83be78d826ea23de4079fe1b4469a0ab9ee20563f37ff3d44b; license-mit=c2cfccb812fe482101a8f04597dfc5a9991a6b2748266c47ac91b6a5aae15383
Rust,windows_i686_msvc,0.52.6,MIT OR Apache-2.0,registry+https://github.com/rust-lang/crates.io-index,examples/datadog/shim/Cargo.toml,license-apache-2.0; license-mit,license-apache-2.0=c16f8dcf1a368b83be78d826ea23de4079fe1b4469a0ab9ee20563f37ff3d44b; license-mit=c2cfccb812fe482101a8f04597dfc5a9991a6b2748266c47ac91b6a5aae15383
Rust,windows_x86_64_gnu,0.52.6,MIT OR Apache-2.0,registry+https://github.com/rust-lang/crates.io-index,examples/datadog/shim/Cargo.toml,license-apache-2.0; license-mit,license-apache-2.0=c16f8dcf1a368b83be78d826ea23de4079fe1b4469a0ab9ee20563f37ff3d44b; license-mit=c2cfccb812fe482101a8f04597dfc5a9991a6b2748266c47ac91b6a5aae15383
Rust,windows_x86_64_gnullvm,0.52.6,MIT OR Apache-2.0,registry+https://github.com/rust-lang/crates.io-index,examples/datadog/shim/Cargo.toml,license-apache-2.0; license-mit,license-apache-2.0=c16f8dcf1a368b83be78d826ea23de4079fe1b4469a0ab9ee20563f37ff3d44b; license-mit=c2cfccb812fe482101a8f04597dfc5a9991a6b2748266c47ac91b6a5aae15383
Rust,windows_x86_64_msvc,0.52.6,MIT OR Apache-2.0,registry+https://github.com/rust-lang/crates.io-index,examples/datadog/shim/Cargo.toml,license-apache-2.0; license-mit,license-apache-2.0=c16f8dcf1a368b83be78d826ea23de4079fe1b4469a0ab9ee20563f37ff3d44b; license-mit=c2cfccb812fe482101a8f04597dfc5a9991a6b2748266c47ac91b6a5aae15383
Rust,zerocopy,0.8.59,BSD-2-Clause OR Apache-2.0 OR MIT,registry+https://github.com/rust-lang/crates.io-index,examples/datadog/shim/Cargo.toml,LICENSE-APACHE; LICENSE-BSD; LICENSE-MIT,LICENSE-APACHE=9d185ac6703c4b0453974c0d85e9eee43e6941009296bb1f5eb0b54e2329e9f3; LICENSE-BSD=83c1763356e822adde0a2cae748d938a73fdc263849ccff6b27776dff213bd32; LICENSE-MIT=1a2f5c12ddc934d58956aa5dbdd3255fe55fd957633ab7d0d39e4f0daa73f7df
Rust,zerocopy-derive,0.8.59,BSD-2-Clause OR Apache-2.0 OR MIT,registry+https://github.com/rust-lang/crates.io-index,examples/datadog/shim/Cargo.toml,LICENSE-APACHE; LICENSE-BSD; LICENSE-MIT,LICENSE-APACHE=9d185ac6703c4b0453974c0d85e9eee43e6941009296bb1f5eb0b54e2329e9f3; LICENSE-BSD=83c1763356e822adde0a2cae748d938a73fdc263849ccff6b27776dff213bd32; LICENSE-MIT=1a2f5c12ddc934d58956aa5dbdd3255fe55fd957633ab7d0d39e4f0daa73f7df
Rust,zmij,1.0.23,MIT,registry+https://github.com/rust-lang/crates.io-index,examples/datadog/shim/Cargo.toml,LICENSE-MIT,LICENSE-MIT=23f18e03dc49df91622fe2a76176497404e46ced8a715d9d2b67a7446571cca3
Toolchain,Binaryen,133,Apache-2.0,https://github.com/WebAssembly/binaryen/blob/version_133/LICENSE,generation; see file-specific exceptions in notices,tools/licenses/notices/Binaryen-133-LICENSE,tools/licenses/notices/Binaryen-133-LICENSE=64c0d02491e16eced74826440ecd2bcf7722d37fa586faf457b2494293afbffe
Toolchain,Rust standard library,1.97.0,MIT OR Apache-2.0,https://doc.rust-lang.org/1.97.0/COPYRIGHT-library.html,generation; see file-specific exceptions in notices,tools/licenses/notices/Rust-1.97.0-COPYRIGHT-library.html,tools/licenses/notices/Rust-1.97.0-COPYRIGHT-library.html=0a65bb747c49c7bb816cbc7188319bd6e4e8d08091c1190b8a3c0971c47968ed
